,dataset,term,num_variates,length,cross_correlation,mutual_information,granger_causality,permutation_importance,shap_importance
0,bitbrains_rnd/H,short,2,1248,0.9835239625553435,1.0966874600603949,0.2822291667134581,1.1053691158354082,0.39284560911683986
0,ett2/W,short,7,174,0.4676265934980012,1.016120334401174,0.004191527680615654,0.043721307562962684,958.6056746268821
0,ett2/D,short,7,1270,0.35698412590906925,1.1928483438390427,0.0003604726048603973,0.012729830878263163,62.32395365524218
0,ett2/D,medium,7,850,0.35759387306903545,0.6940596707399275,0.033121373726390235,0.012807161912656184,64.87119024852595
0,bizitobs_l2c/H,short,7,4752,0.7127641740384505,1.311304261980478,1.2797540997491092e-09,0.015644900757332273,0.6430416978524107
0,bizitobs_l2c/H,medium,7,4368,0.7229479058795247,1.1416617959255326,7.093317802375333e-09,0.0128706491537792,0.6224984383673234
0,bizitobs_l2c/H,long,7,3888,0.7211927441414494,1.0491675229907536,7.475382024635467e-08,0.013857940308972012,0.6176874308828353
0,bitbrains_fast_storage/H,short,2,1250,0.10154717473494079,0.8341734188956198,0.0014889767345979384,0.4890823650974246,8.836178260112879
0,jena_weather/D,short,21,612,0.3673588189284831,0.8443080223776598,0.02155426709677917,0.03717346568593933,5.598330295252198
0,ett1/W,short,7,174,0.4523570764854898,0.9492231154337295,0.007470459572082029,0.051057162675588276,339.23657118046873
0,ett1/D,short,7,1270,0.28668731259795377,0.9762051163648959,0.010379304886732162,0.018471479294496506,29.142483443941874
0,ett1/D,medium,7,850,0.3191418977258197,0.450425611358797,0.04985943880660952,0.0216503268486928,32.20410143963815
