dataset,frequency,feature,mae_uni,mae_multi,context_length,prediction_length
bitbrains_fast_storage,5T,overall,,,6912,1728
bitbrains_fast_storage,H,overall,11.9313,11.9752,576,144
bitbrains_rnd,5T,overall,,,6912,1728
bitbrains_rnd,H,overall,4.5828,4.7304,576,144
bizitobs_l2c,5T,overall,13.2063,11.5054,8000,2000
bizitobs_l2c,H,overall,7.8569,7.5386,2131,532
ett1,15T,overall,2.1581,2.2394,8000,2000
ett1,D,overall,192.9402,193.0454,580,145
ett1,H,overall,8.5589,9.2356,8000,2000
ett1,W,overall,1761.4252,1562.4862,82,20
ett2,15T,overall,3.1281,3.2631,8000,2000
ett2,D,overall,645.5849,669.289,580,145
ett2,H,overall,14.9603,15.2139,8000,2000
ett2,W,overall,5628.876,5216.3945,82,20
jena_weather,10T,overall,19.6719,19.4234,8000,2000
jena_weather,D,overall,11.5296,10.6476,292,73
jena_weather,H,overall,16.031,17.266,7027,1756
